"sim","method","dt","Tmax","delta","N","M","convergence","iterations","dt","beta1","beta2","beta3","gammasq"
1,"euler",0.0166666666666667,8760,2,1,25,1,NA,0.113187074661255,2.27763763089575,1.01217943770006,-0.0791796746327105,3.55689191403056
1,"bbis",0.0166666666666667,8760,2,23,25,52,109,58.8799529075623,4.02689836394254,2.11811346165877,-0.0862845092399835,4.73672139458172
1,"bbis",0.0166666666666667,8760,2,7,25,52,128,30.311872959137,4.03128942051273,2.15002789761052,-0.0824506190617973,4.57051253368452
1,"bbis",0.0166666666666667,8760,2,3,25,0,156,24.5397639274597,4.11034697433022,2.09957975112768,-0.0857650586526926,4.26287391154191
2,"euler",0.0166666666666667,8760,2,3,25,1,NA,0.172283172607422,2.27512040836725,1.10411202468916,-0.0691038898170278,3.67329598468317
2,"bbis",0.0166666666666667,8760,2,23,25,52,112,62.4191131591797,4.00172314061694,2.01806976924398,-0.0976809117222774,4.68903646877443
2,"bbis",0.0166666666666667,8760,2,7,25,52,127,30.9018800258636,4.10838803865967,2.00337278111012,-0.0987761697683351,4.5818387544811
2,"bbis",0.0166666666666667,8760,2,3,25,52,164,25.9288458824158,4.15139155344025,2.04292091737587,-0.100223499895185,4.17090345678148
3,"euler",0.0166666666666667,8760,2,3,25,1,NA,0.114356994628906,2.20227953714697,1.00123960922527,-0.103119207178189,3.51488521502483
3,"bbis",0.0166666666666667,8760,2,23,25,52,97,53.3190290927887,3.93513838802474,2.00011797418926,-0.0992678986232093,4.55287471575376
3,"bbis",0.0166666666666667,8760,2,7,25,52,189,45.1065762042999,3.94561014725219,1.97055608251242,-0.101896410101722,4.31078753222174
3,"bbis",0.0166666666666667,8760,2,3,25,52,171,28.6614620685577,4.23424000455288,2.09304367109831,-0.108057888683219,4.08285245988199
